{
    "id": "crawldata_irbm_fptml_40",
    "name": "MyInvois IRBM Document Search",
    "auth": {
        "type": "oauth2",
        "url": "https://preprod-api.myinvois.hasil.gov.my/connect/token",
        "method": "POST",
        "headers": {
            "Content-Type": "application/x-www-form-urlencoded"
        },
        "body": {
            "client_id": "bce02ebc-ad7c-4139-b383-3f674c8b9c90",
            "client_secret": "c9e7f825-d554-458d-9476-b1d73ade3b1a",
            "grant_type": "client_credentials",
            "scope": "InvoicingAPI"
        },
        "token_field": "access_token",
        "expires_in_field": "expires_in",
        "cache_key": "irbm_token",
        "cache_ttl": 3600
    },
    "url": "https://preprod-api.myinvois.hasil.gov.my/api/v1.0/documents/search",
    "method": "GET",
    "headers": {
        "Authorization": "Bearer {token}"
    },
    "query_params": {
        "pageNo": "{page}",
        "pageSize": "100",
        "issueDateFrom": "{from_date}",
        "issueDateTo": "{to_date}"
    },
    "pagination": {
        "type": "page",
        "param_name": "pageNo",
        "data_field": "result",
        "total_pages_field": "metadata.totalPages",
        "total_count_field": "metadata.totalCount",
        "items_per_page": 100,
        "start_value": 1
    },
    "rate_limit": {
        "requests_per_second": 1.0,
        "burst_size": 3
    },
    "storage": {
        "table_name": "irbm_documents",
        "table_schema": {
            "id": "VARCHAR(255) PRIMARY KEY",
            "uuid": "VARCHAR(255)",
            "submission_uid": "VARCHAR(255)",
            "long_id": "VARCHAR(255)",
            "internal_id": "VARCHAR(255)",
            "type_name": "VARCHAR(50)",
            "type_version_name": "VARCHAR(50)",
            "supplier_tin": "VARCHAR(50)",
            "supplier_name": "VARCHAR(255)",
            "buyer_name": "VARCHAR(255)",
            "buyer_tin": "VARCHAR(50)",
            "receiver_id": "VARCHAR(255)",
            "receiver_tin": "VARCHAR(50)",
            "receiver_name": "VARCHAR(255)",
            "receiver_id_type": "VARCHAR(50)",
            "date_time_issued": "DATETIME",
            "date_time_received": "DATETIME",
            "status": "VARCHAR(50)",
            "cancel_date_time": "DATETIME NULL",
            "reject_request_date_time": "DATETIME NULL",
            "document_status_reason": "TEXT",
            "submission_channel": "VARCHAR(50)",
            "intermediary_name": "VARCHAR(255) NULL",
            "intermediary_tin": "VARCHAR(50) NULL",
            "intermediary_rob": "VARCHAR(50) NULL",
            "created_by_user_id": "VARCHAR(255)",
            "issuer_tin": "VARCHAR(50)",
            "issuer_id": "VARCHAR(255)",
            "issuer_id_type": "VARCHAR(50)",
            "date_time_validated": "DATETIME",
            "document_currency": "VARCHAR(10)",
            "total_excluding_tax": "DECIMAL(15,2)",
            "total_discount": "DECIMAL(15,2)",
            "total_net_amount": "DECIMAL(15,2)",
            "total_payable_amount": "DECIMAL(15,2)",
            "raw_data": "JSON",
            "created_at": "DATETIME DEFAULT CURRENT_TIMESTAMP",
            "updated_at": "DATETIME DEFAULT CURRENT_TIMESTAMP ON UPDATE CURRENT_TIMESTAMP"
        },
        "field_mapping": {
            "uuid": "uuid",
            "submission_uid": "submissionUid",
            "long_id": "longId",
            "internal_id": "internalId",
            "type_name": "typeName",
            "type_version_name": "typeVersionName",
            "supplier_tin": "supplierTIN",
            "supplier_name": "supplierName",
            "buyer_name": "buyerName",
            "buyer_tin": "buyerTIN",
            "receiver_id": "receiverID",
            "receiver_tin": "receiverTIN",
            "receiver_name": "receiverName",
            "receiver_id_type": "receiverIDType",
            "date_time_issued": "dateTimeIssued",
            "date_time_received": "dateTimeReceived",
            "status": "status",
            "cancel_date_time": "cancelDateTime",
            "reject_request_date_time": "rejectRequestDateTime",
            "document_status_reason": "documentStatusReason",
            "submission_channel": "submissionChannel",
            "intermediary_name": "intermediaryName",
            "intermediary_tin": "intermediaryTIN",
            "intermediary_rob": "intermediaryROB",
            "created_by_user_id": "createdByUserId",
            "issuer_tin": "issuerTIN",
            "issuer_id": "issuerID",
            "issuer_id_type": "issuerIDType",
            "date_time_validated": "dateTimeValidated",
            "document_currency": "documentCurrency",
            "total_excluding_tax": "totalExcludingTax",
            "total_discount": "totalDiscount",
            "total_net_amount": "totalNetAmount",
            "total_payable_amount": "totalPayableAmount"
        },
        "update_fields": [
            "status",
            "cancel_date_time",
            "reject_request_date_time",
            "document_status_reason",
            "date_time_validated",
            "total_excluding_tax",
            "total_discount",
            "total_net_amount",
            "total_payable_amount",
            "raw_data",
            "updated_at"
        ]
    },
    "schedule": "*/1 * * * *",
    "enabled": true,
    "retry_config": {
        "max_retries": 5,
        "initial_delay": 10,
        "max_delay": 300,
        "backoff_factor": 2
    },
    "variables": {
        "from_date": {
            "type": "date",
            "format": "%Y-%m-%d",
            "value": "now-31d"
        },
        "to_date": {
            "type": "date",
            "format": "%Y-%m-%d",
            "value": "now"
        }
    }
} 